"games","region","gold","silver","bronze"
"1896 Summer","USA",11,7,2
"1896 Summer","UK",3,3,3
"1896 Summer","Switzerland",1,2,0
"1896 Summer","Hungary",2,1,3
"1896 Summer","Greece",10,18,20
"1896 Summer","Germany",25,5,2
"1896 Summer","France",5,4,2
"1896 Summer","Denmark",1,2,3
"1896 Summer","Austria",2,1,2
"1896 Summer","Australia",2,0,1
"1900 Summer","USA",30,16,17
"1900 Summer","UK",59,34,15
"1900 Summer","Switzerland",16,4,1
"1900 Summer","Sweden",3,0,1
"1900 Summer","Spain",2,0,0
"1900 Summer","Norway",0,6,3
"1900 Summer","New Zealand",1,0,0
"1900 Summer","Netherlands",3,8,16
"1900 Summer","Mexico",0,0,3
"1900 Summer","Luxembourg",1,0,0
"1900 Summer","Italy",3,2,0
"1900 Summer","India",0,2,0
"1900 Summer","Hungary",1,2,2
"1900 Summer","Haiti",1,0,0
"1900 Summer","Germany",14,20,11
"1900 Summer","France",52,101,82
"1900 Summer","Denmark",4,3,2
"1900 Summer","Czech Republic",0,1,2
"1900 Summer","Cuba",1,1,0
"1900 Summer","Colombia",0,1,0
"1900 Summer","Canada",1,0,1
"1900 Summer","Belgium",6,24,13
"1900 Summer","Austria",0,3,3
"1900 Summer","Australia",3,0,3
"1904 Summer","USA",128,141,125
"1904 Summer","UK",1,1,0
"1904 Summer","Switzerland",1,0,2
"1904 Summer","Norway",2,0,0
"1904 Summer","Hungary",2,1,1
"1904 Summer","Greece",1,0,1
"1904 Summer","Germany",4,5,7
"1904 Summer","France",0,2,0
"1904 Summer","Cuba",5,0,0
"1904 Summer","Canada",27,9,12
"1904 Summer","Austria",2,1,1
"1904 Summer","Australia",0,3,1
"1906 Summer","USA",12,6,6
"1906 Summer","UK",9,22,8
"1906 Summer","Switzerland",8,3,1
"1906 Summer","Sweden",2,5,14
"1906 Summer","Norway",20,5,0
"1906 Summer","Netherlands",0,1,5
"1906 Summer","Italy",21,8,27
"1906 Summer","Hungary",5,5,3
"1906 Summer","Greece",24,48,30
"1906 Summer","Germany",14,10,6
"1906 Summer","France",20,16,28
"1906 Summer","Finland",2,1,1
"1906 Summer","Denmark",14,19,1
"1906 Summer","Czech Republic",0,0,3
"1906 Summer","Canada",1,1,0
"1906 Summer","Belgium",2,3,6
"1906 Summer","Austria",3,3,3
"1906 Summer","Australia",0,0,3
"1908 Summer","USA",34,16,15
"1908 Summer","UK",147,131,90
"1908 Summer","Sweden",48,18,18
"1908 Summer","South Africa",1,1,0
"1908 Summer","Russia",1,2,0
"1908 Summer","Norway",7,32,3
"1908 Summer","Netherlands",0,0,16
"1908 Summer","Italy",2,6,0
"1908 Summer","Hungary",7,7,6
"1908 Summer","Greece",0,3,1
"1908 Summer","Germany",4,11,6
"1908 Summer","France",12,5,23
"1908 Summer","Finland",1,1,28
"1908 Summer","Denmark",0,14,3
"1908 Summer","Czech Republic",0,0,6
"1908 Summer","Canada",14,8,30
"1908 Summer","Belgium",1,24,8
"1908 Summer","Austria",0,0,1
"1908 Summer","Australia",15,2,2
"1912 Summer","USA",46,25,36
"1912 Summer","UK",47,64,59
"1912 Summer","Switzerland",2,0,0
"1912 Summer","Sweden",103,62,25
"1912 Summer","South Africa",5,2,0
"1912 Summer","Russia",0,5,9
"1912 Summer","Norway",40,6,34
"1912 Summer","Netherlands",0,0,26
"1912 Summer","Italy",22,1,2
"1912 Summer","Hungary",10,17,3
"1912 Summer","Greece",1,0,1
"1912 Summer","Germany",11,19,23
"1912 Summer","France",10,11,5
"1912 Summer","Finland",9,40,22
"1912 Summer","Denmark",5,49,33
"1912 Summer","Canada",3,2,3
"1912 Summer","Belgium",7,1,11
"1912 Summer","Austria",0,9,5
"1912 Summer","Australia",5,2,3
"1920 Summer","USA",111,45,38
"1920 Summer","UK",52,42,17
"1920 Summer","Switzerland",6,2,21
"1920 Summer","Sweden",52,38,64
"1920 Summer","Spain",0,23,0
"1920 Summer","South Africa",3,12,6
"1920 Summer","Norway",58,52,27
"1920 Summer","New Zealand",0,0,1
"1920 Summer","Netherlands",15,10,25
"1920 Summer","Luxembourg",0,1,0
"1920 Summer","Japan",0,3,0
"1920 Summer","Italy",67,9,8
"1920 Summer","Greece",0,5,0
"1920 Summer","France",13,71,57
"1920 Summer","Finland",21,14,17
"1920 Summer","Estonia",1,2,0
"1920 Summer","Denmark",26,44,1
"1920 Summer","Czech Republic",0,0,10
"1920 Summer","Canada",10,3,3
"1920 Summer","Brazil",1,1,5
"1920 Summer","Belgium",57,65,66
"1920 Summer","Australia",0,6,1
"1924 Summer","Uruguay",14,0,0
"1924 Summer","USA",97,36,49
"1924 Summer","UK",15,30,19
"1924 Summer","Switzerland",14,25,21
"1924 Summer","Sweden",7,22,43
"1924 Summer","South Africa",1,1,1
"1924 Summer","Serbia",2,0,0
"1924 Summer","Romania",0,0,16
"1924 Summer","Portugal",0,0,4
"1924 Summer","Poland",0,4,1
"1924 Summer","Norway",14,5,3
"1924 Summer","New Zealand",0,0,1
"1924 Summer","Netherlands",8,1,18
"1924 Summer","Monaco",0,0,1
"1924 Summer","Luxembourg",1,1,0
"1924 Summer","Japan",0,0,1
"1924 Summer","Italy",25,5,21
"1924 Summer","Ireland",0,1,1
"1924 Summer","Hungary",2,12,8
"1924 Summer","Haiti",0,0,5
"1924 Summer","Greece",1,0,0
"1924 Summer","France",37,51,22
"1924 Summer","Finland",24,13,15
"1924 Summer","Estonia",1,1,4
"1924 Summer","Denmark",2,9,3
"1924 Summer","Czech Republic",1,4,5
"1924 Summer","Canada",0,19,1
"1924 Summer","Belgium",3,30,6
"1924 Summer","Austria",0,3,1
"1924 Summer","Australia",3,5,2
"1924 Summer","Argentina",5,3,2
"1924 Winter","USA",1,10,1
"1924 Winter","UK",16,4,11
"1924 Winter","Switzerland",8,0,1
"1924 Winter","Sweden",1,8,0
"1924 Winter","Norway",4,7,6
"1924 Winter","Nepal",1,0,0
"1924 Winter","India",7,0,0
"1924 Winter","France",0,0,10
"1924 Winter","Finland",4,8,3
"1924 Winter","Canada",9,0,0
"1924 Winter","Belgium",0,0,5
"1924 Winter","Austria",3,1,0
"1924 Winter","Australia",1,0,0
"1928 Summer","Uruguay",17,0,0
"1928 Summer","USA",47,24,17
"1928 Summer","UK",7,27,24
"1928 Summer","Switzerland",16,10,4
"1928 Summer","Sweden",7,8,22
"1928 Summer","Spain",3,0,0
"1928 Summer","South Africa",1,0,5
"1928 Summer","Serbia",1,1,10
"1928 Summer","Portugal",0,0,6
"1928 Summer","Poland",2,3,15
"1928 Summer","Philippines",0,0,1
"1928 Summer","Norway",4,4,1
"1928 Summer","New Zealand",1,0,0
"1928 Summer","Netherlands",20,29,8
"1928 Summer","Luxembourg",1,0,0
"1928 Summer","Japan",2,6,1
"1928 Summer","Italy",24,22,26
"1928 Summer","Ireland",1,0,0
"1928 Summer","India",14,0,0
"1928 Summer","Hungary",10,11,0
"1928 Summer","Haiti",0,1,0
"1928 Summer","Germany",21,15,41
"1928 Summer","France",12,24,14
"1928 Summer","Finland",8,8,9
"1928 Summer","Estonia",2,1,6
"1928 Summer","Egypt",2,1,1
"1928 Summer","Denmark",6,5,4
"1928 Summer","Czech Republic",2,12,2
"1928 Summer","Chile",0,1,0
"1928 Summer","Canada",7,5,21
"1928 Summer","Belgium",0,1,4
"1928 Summer","Austria",3,0,2
"1928 Summer","Australia",1,2,1
"1928 Summer","Argentina",3,18,5
"1928 Winter","USA",6,6,2
"1928 Winter","UK",0,0,1
"1928 Winter","Switzerland",0,0,12
"1928 Winter","Sweden",2,13,1
"1928 Winter","Norway",6,4,5
"1928 Winter","Germany",0,0,5
"1928 Winter","France",2,0,0
"1928 Winter","Finland",2,1,1
"1928 Winter","Czech Republic",0,0,1
"1928 Winter","Canada",12,0,0
"1928 Winter","Belgium",0,0,1
"1928 Winter","Austria",0,4,2
"1932 Summer","Uruguay",0,0,1
"1932 Summer","USA",81,47,61
"1932 Summer","UK",9,12,14
"1932 Summer","Switzerland",0,1,0
"1932 Summer","Sweden",13,7,12
"1932 Summer","Spain",0,0,1
"1932 Summer","South Africa",2,0,3
"1932 Summer","Poland",3,4,14
"1932 Summer","Philippines",0,0,3
"1932 Summer","New Zealand",0,2,0
"1932 Summer","Netherlands",2,10,1
"1932 Summer","Mexico",0,2,0
"1932 Summer","Latvia",0,1,0
"1932 Summer","Japan",10,17,4
"1932 Summer","Italy",21,38,18
"1932 Summer","Ireland",2,0,0
"1932 Summer","India",15,0,0
"1932 Summer","Hungary",20,5,8
"1932 Summer","Germany",10,26,7
"1932 Summer","France",26,8,6
"1932 Summer","Finland",5,8,16
"1932 Summer","Denmark",0,7,4
"1932 Summer","Czech Republic",1,3,2
"1932 Summer","Canada",2,13,24
"1932 Summer","Belgium",0,0,1
"1932 Summer","Austria",1,1,3
"1932 Summer","Australia",3,1,1
"1932 Summer","Argentina",3,1,0
"1932 Winter","USA",10,21,3
"1932 Winter","Switzerland",0,2,0
"1932 Winter","Sweden",1,2,0
"1932 Winter","Norway",3,4,3
"1932 Winter","Hungary",0,0,2
"1932 Winter","Germany",0,0,14
"1932 Winter","France",2,0,0
"1932 Winter","Finland",1,1,1
"1932 Winter","Canada",14,1,5
"1932 Winter","Austria",1,1,0
"1936 Summer","USA",51,29,16
"1936 Summer","UK",12,16,8
"1936 Summer","Turkey",1,0,1
"1936 Summer","Switzerland",5,23,24
"1936 Summer","Sweden",7,11,17
"1936 Summer","South Africa",0,1,0
"1936 Summer","Serbia",0,1,0
"1936 Summer","Romania",0,1,0
"1936 Summer","Portugal",0,0,3
"1936 Summer","Poland",0,6,6
"1936 Summer","Philippines",0,0,1
"1936 Summer","Norway",1,12,15
"1936 Summer","New Zealand",1,0,0
"1936 Summer","Netherlands",9,7,21
"1936 Summer","Mexico",0,0,16
"1936 Summer","Latvia",0,1,1
"1936 Summer","Japan",9,4,10
"1936 Summer","Italy",37,34,5
"1936 Summer","India",19,0,0
"1936 Summer","Hungary",25,1,15
"1936 Summer","Germany",93,70,61
"1936 Summer","France",13,13,18
"1936 Summer","Finland",8,6,13
"1936 Summer","Estonia",2,2,3
"1936 Summer","Egypt",2,1,2
"1936 Summer","Denmark",0,3,3
"1936 Summer","Czech Republic",5,12,1
"1936 Summer","Canada",1,12,9
"1936 Summer","Belgium",0,0,14
"1936 Summer","Austria",6,42,7
"1936 Summer","Australia",0,0,1
"1936 Summer","Argentina",5,2,4
"1936 Winter","USA",2,0,14
"1936 Winter","UK",12,1,4
"1936 Winter","Switzerland",4,6,0
"1936 Winter","Sweden",2,2,6
"1936 Winter","Norway",7,8,3
"1936 Winter","Hungary",0,0,2
"1936 Winter","Germany",4,3,0
"1936 Winter","France",0,0,1
"1936 Winter","Finland",4,2,3
"1936 Winter","Canada",0,13,0
"1936 Winter","Austria",1,2,2
"1948 Summer","Uruguay",0,1,2
"1948 Summer","USA",87,30,35
"1948 Summer","UK",7,42,12
"1948 Summer","Turkey",6,4,2
"1948 Summer","Trinidad",0,1,0
"1948 Summer","Switzerland",5,25,6
"1948 Summer","Sweden",30,15,30
"1948 Summer","Sri Lanka",0,1,0
"1948 Summer","Spain",0,3,0
"1948 Summer","South Korea",0,0,2
"1948 Summer","South Africa",2,2,2
"1948 Summer","Serbia",0,16,0
"1948 Summer","Puerto Rico",0,0,1
"1948 Summer","Portugal",0,2,3
"1948 Summer","Poland",1,0,1
"1948 Summer","Peru",1,0,0
"1948 Summer","Panama",0,0,2
"1948 Summer","Norway",3,4,11
"1948 Summer","Netherlands",8,2,32
"1948 Summer","Mexico",4,1,4
"1948 Summer","Jamaica",1,2,0
"1948 Summer","Italy",21,32,14
"1948 Summer","Ireland",0,0,1
"1948 Summer","Iran",0,0,1
"1948 Summer","India",20,0,0
"1948 Summer","Hungary",15,25,22
"1948 Summer","France",26,22,24
"1948 Summer","Finland",17,8,8
"1948 Summer","Egypt",2,2,1
"1948 Summer","Denmark",7,17,27
"1948 Summer","Czech Republic",14,3,3
"1948 Summer","Cuba",0,2,0
"1948 Summer","Canada",0,2,5
"1948 Summer","Brazil",0,0,10
"1948 Summer","Belgium",5,2,8
"1948 Summer","Austria",2,2,4
"1948 Summer","Australia",2,9,5
"1948 Summer","Argentina",3,7,1
"1948 Winter","USA",6,4,6
"1948 Winter","UK",0,0,2
"1948 Winter","Switzerland",4,5,19
"1948 Winter","Sweden",7,3,3
"1948 Winter","Norway",4,3,6
"1948 Winter","Italy",1,0,0
"1948 Winter","Hungary",0,2,0
"1948 Winter","France",2,1,2
"1948 Winter","Finland",1,6,2
"1948 Winter","Czech Republic",0,17,0
"1948 Winter","Canada",13,0,2
"1948 Winter","Belgium",2,4,0
"1948 Winter","Austria",1,3,4
"1952 Summer","Venezuela",0,0,1
"1952 Summer","Uruguay",0,0,14
"1952 Summer","USA",83,23,28
"1952 Summer","UK",3,2,26
"1952 Summer","Turkey",2,0,1
"1952 Summer","Trinidad",0,0,2
"1952 Summer","Switzerland",2,19,12
"1952 Summer","Sweden",23,24,23
"1952 Summer","Spain",0,1,0
"1952 Summer","South Korea",0,0,2
"1952 Summer","South Africa",2,8,4
"1952 Summer","Serbia",4,20,0
"1952 Summer","Russia",36,62,19
"1952 Summer","Romania",1,1,2
"1952 Summer","Portugal",0,0,2
"1952 Summer","Poland",1,2,1
"1952 Summer","Norway",5,8,0
"1952 Summer","New Zealand",1,0,2
"1952 Summer","Netherlands",0,18,0
"1952 Summer","Mexico",0,1,0
"1952 Summer","Luxembourg",1,0,0
"1952 Summer","Lebanon",0,1,1
"1952 Summer","Japan",1,9,2
"1952 Summer","Jamaica",5,3,0
"1952 Summer","Italy",17,22,15
"1952 Summer","Ireland",0,1,0
"1952 Summer","Iran",0,3,4
"1952 Summer","India",14,0,1
"1952 Summer","Hungary",53,17,32
"1952 Summer","Germany",0,14,26
"1952 Summer","France",14,9,17
"1952 Summer","Finland",8,3,29
"1952 Summer","Egypt",0,0,1
"1952 Summer","Denmark",3,1,5
"1952 Summer","Czech Republic",11,4,10
"1952 Summer","Chile",0,4,0
"1952 Summer","Canada",1,3,0
"1952 Summer","Bulgaria",0,0,1
"1952 Summer","Brazil",1,0,2
"1952 Summer","Belgium",5,3,0
"1952 Summer","Austria",0,1,2
"1952 Summer","Australia",7,2,11
"1952 Summer","Argentina",2,2,2
"1952 Winter","USA",4,25,1
"1952 Winter","UK",1,0,0
"1952 Winter","Switzerland",0,0,6
"1952 Winter","Sweden",0,0,23
"1952 Winter","Norway",7,6,6
"1952 Winter","Netherlands",0,3,0
"1952 Winter","Italy",1,0,1
"1952 Winter","Hungary",0,0,2
"1952 Winter","Germany",8,2,2
"1952 Winter","France",0,0,1
"1952 Winter","Finland",6,4,2
"1952 Winter","Canada",16,0,1
"1952 Winter","Austria",2,4,2
"1956 Summer","Uruguay",0,0,12
"1956 Summer","USA",61,42,20
"1956 Summer","UK",8,16,22
"1956 Summer","Turkey",3,2,2
"1956 Summer","Switzerland",0,0,3
"1956 Summer","Sweden",14,14,6
"1956 Summer","South Korea",0,1,1
"1956 Summer","South Africa",0,0,7
"1956 Summer","Serbia",0,23,0
"1956 Summer","Russia",68,46,55
"1956 Summer","Romania",6,3,10
"1956 Summer","Poland",1,9,9
"1956 Summer","Pakistan",0,14,0
"1956 Summer","Norway",1,0,2
"1956 Summer","New Zealand",3,0,0
"1956 Summer","Mexico",1,0,1
"1956 Summer","Japan",4,15,5
"1956 Summer","Italy",26,11,10
"1956 Summer","Ireland",1,1,3
"1956 Summer","Iran",2,2,1
"1956 Summer","India",17,0,0
"1956 Summer","Iceland",0,1,0
"1956 Summer","Hungary",30,20,14
"1956 Summer","Greece",0,0,1
"1956 Summer","Germany",9,20,23
"1956 Summer","France",7,13,13
"1956 Summer","Finland",3,1,22
"1956 Summer","Denmark",1,4,1
"1956 Summer","Czech Republic",1,5,1
"1956 Summer","Chile",0,2,2
"1956 Summer","Canada",5,9,5
"1956 Summer","Bulgaria",1,3,14
"1956 Summer","Brazil",1,0,0
"1956 Summer","Belgium",0,2,0
"1956 Summer","Bahamas",0,0,2
"1956 Summer","Austria",0,0,4
"1956 Summer","Australia",28,13,26
"1956 Summer","Argentina",0,1,1
"1956 Winter","USA",2,19,5
"1956 Winter","Switzerland",6,2,2
"1956 Winter","Sweden",2,4,9
"1956 Winter","Russia",26,5,6
"1956 Winter","Poland",0,0,1
"1956 Winter","Norway",2,1,1
"1956 Winter","Japan",0,1,0
"1956 Winter","Italy",2,6,0
"1956 Winter","Hungary",0,0,2
"1956 Winter","Germany",1,0,1
"1956 Winter","Finland",5,6,1
"1956 Winter","Canada",0,2,18
"1956 Winter","Austria",5,3,4
"1960 Summer","Venezuela",0,0,1
"1960 Summer","USA",81,23,21
"1960 Summer","UK",2,11,15
"1960 Summer","Turkey",7,2,0
"1960 Summer","Trinidad",0,0,5
"1960 Summer","Taiwan",0,1,0
"1960 Summer","Syria",0,1,1
"1960 Summer","Switzerland",0,6,6
"1960 Summer","Sweden",2,2,3
"1960 Summer","Spain",0,0,14
"1960 Summer","South Africa",0,1,2
"1960 Summer","Serbia",16,1,0
"1960 Summer","Russia",61,63,45
"1960 Summer","Romania",3,1,11
"1960 Summer","Portugal",0,2,0
"1960 Summer","Poland",4,11,15
"1960 Summer","Pakistan",13,0,1
"1960 Summer","Norway",2,0,0
"1960 Summer","New Zealand",2,0,1
"1960 Summer","Netherlands",0,1,2
"1960 Summer","Morocco",0,1,0
"1960 Summer","Mexico",0,0,1
"1960 Summer","Japan",9,10,12
"1960 Summer","Italy",36,18,34
"1960 Summer","Iraq",0,0,1
"1960 Summer","Iran",0,1,3
"1960 Summer","India",0,13,0
"1960 Summer","Hungary",13,16,37
"1960 Summer","Greece",3,0,0
"1960 Summer","Ghana",0,1,0
"1960 Summer","Germany",34,33,22
"1960 Summer","France",0,6,6
"1960 Summer","Finland",1,1,4
"1960 Summer","Ethiopia",1,0,0
"1960 Summer","Denmark",2,17,4
"1960 Summer","Czech Republic",4,7,11
"1960 Summer","Canada",0,9,0
"1960 Summer","Bulgaria",1,3,3
"1960 Summer","Brazil",0,0,13
"1960 Summer","Belgium",0,2,2
"1960 Summer","Austria",1,2,0
"1960 Summer","Australia",11,24,11
"1960 Summer","Argentina",0,3,1
"1960 Winter","USA",19,4,4
"1960 Winter","Switzerland",2,0,0
"1960 Winter","Sweden",5,2,2
"1960 Winter","Russia",7,7,28
"1960 Winter","Poland",0,1,1
"1960 Winter","Norway",3,6,0
"1960 Winter","Netherlands",0,1,1
"1960 Winter","Italy",0,0,1
"1960 Winter","Germany",4,4,1
"1960 Winter","France",1,0,2
"1960 Winter","Finland",5,3,5
"1960 Winter","Czech Republic",0,1,0
"1960 Winter","Canada",3,17,1
"1960 Winter","Austria",1,2,3
"1964 Summer","Uruguay",0,0,1
"1964 Summer","USA",95,37,37
"1964 Summer","UK",4,19,5
"1964 Summer","Turkey",2,3,1
"1964 Summer","Tunisia",0,1,1
"1964 Summer","Trinidad",0,1,5
"1964 Summer","Switzerland",1,4,1
"1964 Summer","Sweden",3,4,8
"1964 Summer","South Korea",0,2,1
"1964 Summer","Serbia",2,11,2
"1964 Summer","Russia",60,63,51
"1964 Summer","Romania",2,4,10
"1964 Summer","Poland",10,13,23
"1964 Summer","Philippines",0,1,0
"1964 Summer","Pakistan",0,16,0
"1964 Summer","Nigeria",0,0,1
"1964 Summer","New Zealand",4,0,2
"1964 Summer","Netherlands",5,10,16
"1964 Summer","Mexico",0,0,1
"1964 Summer","Kenya",0,0,1
"1964 Summer","Japan",32,5,25
"1964 Summer","Italy",14,28,9
"1964 Summer","Ireland",0,0,1
"1964 Summer","Iran",0,0,2
"1964 Summer","India",15,0,0
"1964 Summer","Hungary",42,7,7
"1964 Summer","Ghana",0,0,1
"1964 Summer","Germany",22,44,50
"1964 Summer","France",1,13,17
"1964 Summer","Finland",3,0,2
"1964 Summer","Ethiopia",1,0,0
"1964 Summer","Denmark",7,1,4
"1964 Summer","Czech Republic",5,37,12
"1964 Summer","Cuba",0,1,0
"1964 Summer","Canada",2,2,1
"1964 Summer","Bulgaria",3,5,2
"1964 Summer","Brazil",0,0,12
"1964 Summer","Belgium",2,0,1
"1964 Summer","Bahamas",2,0,0
"1964 Summer","Australia",8,6,30
"1964 Summer","Argentina",0,1,0
"1964 Winter","USA",1,2,5
"1964 Winter","UK",2,0,0
"1964 Winter","Sweden",6,21,1
"1964 Winter","Russia",30,8,9
"1964 Winter","Norway",3,6,6
"1964 Winter","North Korea",0,1,0
"1964 Winter","Netherlands",1,1,0
"1964 Winter","Italy",0,2,8
"1964 Winter","Germany",3,4,3
"1964 Winter","France",3,4,0
"1964 Winter","Finland",3,7,5
"1964 Winter","Czech Republic",0,0,17
"1964 Winter","Canada",4,2,1
"1964 Winter","Austria",5,9,3
"1968 Summer","Venezuela",1,0,0
"1968 Summer","Uganda",0,1,1
"1968 Summer","USA",99,32,35
"1968 Summer","UK",9,5,5
"1968 Summer","Turkey",2,0,0
"1968 Summer","Tunisia",1,0,1
"1968 Summer","Taiwan",0,0,1
"1968 Summer","Switzerland",0,3,10
"1968 Summer","Sweden",4,4,1
"1968 Summer","South Korea",0,1,1
"1968 Summer","Serbia",13,14,2
"1968 Summer","Russia",65,63,64
"1968 Summer","Romania",5,9,9
"1968 Summer","Poland",5,2,30
"1968 Summer","Pakistan",13,0,0
"1968 Summer","Norway",4,2,0
"1968 Summer","New Zealand",5,0,2
"1968 Summer","Netherlands",6,7,1
"1968 Summer","Mongolia",0,1,3
"1968 Summer","Mexico",3,3,3
"1968 Summer","Kenya",3,7,2
"1968 Summer","Japan",16,25,22
"1968 Summer","Jamaica",0,1,0
"1968 Summer","Italy",5,8,20
"1968 Summer","Iran",2,1,2
"1968 Summer","India",0,0,16
"1968 Summer","Hungary",32,20,29
"1968 Summer","Greece",0,0,1
"1968 Summer","Germany",30,36,37
"1968 Summer","France",12,5,10
"1968 Summer","Finland",1,2,1
"1968 Summer","Ethiopia",1,1,0
"1968 Summer","Denmark",5,6,6
"1968 Summer","Czech Republic",7,7,15
"1968 Summer","Cuba",0,10,0
"1968 Summer","Canada",3,3,4
"1968 Summer","Cameroon",0,1,0
"1968 Summer","Bulgaria",2,21,3
"1968 Summer","Brazil",0,1,3
"1968 Summer","Belgium",0,1,2
"1968 Summer","Austria",0,2,3
"1968 Summer","Australia",5,35,11
"1968 Summer","Argentina",0,0,2
"1968 Winter","USA",1,5,1
"1968 Winter","Switzerland",0,2,7
"1968 Winter","Sweden",3,7,6
"1968 Winter","Russia",26,6,5
"1968 Winter","Romania",0,0,2
"1968 Winter","Norway",11,9,2
"1968 Winter","Netherlands",3,3,3
"1968 Winter","Italy",8,0,0
"1968 Winter","Germany",4,5,7
"1968 Winter","France",4,3,2
"1968 Winter","Finland",1,2,5
"1968 Winter","Czech Republic",1,19,1
"1968 Winter","Canada",1,1,18
"1968 Winter","Austria",3,8,4
"1972 Summer","Uganda",1,1,0
"1972 Summer","USA",69,59,43
"1972 Summer","UK",8,9,12
"1972 Summer","Turkey",0,1,0
"1972 Summer","Tunisia",0,1,0
"1972 Summer","Switzerland",0,8,0
"1972 Summer","Sweden",4,10,8
"1972 Summer","Spain",0,0,1
"1972 Summer","South Korea",0,1,0
"1972 Summer","Serbia",15,1,2
"1972 Summer","Russia",107,47,60
"1972 Summer","Romania",3,10,27
"1972 Summer","Poland",27,8,11
"1972 Summer","Pakistan",0,15,0
"1972 Summer","Norway",2,2,4
"1972 Summer","North Korea",1,1,13
"1972 Summer","Nigeria",0,0,1
"1972 Summer","Niger",0,0,1
"1972 Summer","New Zealand",9,4,1
"1972 Summer","Netherlands",3,1,2
"1972 Summer","Mongolia",0,1,0
"1972 Summer","Mexico",0,1,0
"1972 Summer","Lebanon",0,1,0
"1972 Summer","Kenya",5,3,4
"1972 Summer","Japan",29,19,8
"1972 Summer","Jamaica",0,0,1
"1972 Summer","Italy",9,3,13
"1972 Summer","Iran",0,2,1
"1972 Summer","India",0,0,14
"1972 Summer","Hungary",10,46,25
"1972 Summer","Greece",0,2,0
"1972 Summer","Ghana",0,0,1
"1972 Summer","Germany",74,83,96
"1972 Summer","France",2,5,15
"1972 Summer","Finland",3,1,6
"1972 Summer","Ethiopia",0,0,2
"1972 Summer","Denmark",1,0,0
"1972 Summer","Czech Republic",2,21,6
"1972 Summer","Cuba",3,1,18
"1972 Summer","Colombia",0,1,2
"1972 Summer","Canada",0,2,9
"1972 Summer","Bulgaria",6,10,6
"1972 Summer","Brazil",0,0,2
"1972 Summer","Belgium",0,2,0
"1972 Summer","Austria",0,1,2
"1972 Summer","Australia",11,7,2
"1972 Summer","Argentina",0,1,0
"1972 Winter","USA",3,18,3
"1972 Winter","Switzerland",7,3,7
"1972 Winter","Sweden",1,1,2
"1972 Winter","Spain",1,0,0
"1972 Winter","Russia",36,6,3
"1972 Winter","Poland",1,0,0
"1972 Winter","Norway",2,8,7
"1972 Winter","Netherlands",4,3,2
"1972 Winter","Japan",1,1,1
"1972 Winter","Italy",3,5,1
"1972 Winter","Germany",9,5,16
"1972 Winter","France",0,1,2
"1972 Winter","Finland",0,9,1
"1972 Winter","Czech Republic",1,0,19
"1972 Winter","Canada",0,1,0
"1972 Winter","Austria",1,2,2
"1976 Summer","Venezuela",0,1,0
"1976 Summer","USA",70,58,36
"1976 Summer","UK",6,15,11
"1976 Summer","Trinidad",1,0,0
"1976 Summer","Thailand",0,0,1
"1976 Summer","Switzerland",1,3,6
"1976 Summer","Sweden",9,1,0
"1976 Summer","Spain",0,6,0
"1976 Summer","South Korea",1,1,15
"1976 Summer","Serbia",2,14,3
"1976 Summer","Russia",114,95,77
"1976 Summer","Romania",4,28,23
"1976 Summer","Puerto Rico",0,0,1
"1976 Summer","Portugal",0,2,0
"1976 Summer","Poland",18,29,26
"1976 Summer","Pakistan",0,0,16
"1976 Summer","Norway",2,4,0
"1976 Summer","North Korea",1,1,0
"1976 Summer","New Zealand",15,1,9
"1976 Summer","Netherlands",0,2,12
"1976 Summer","Mongolia",0,1,0
"1976 Summer","Mexico",1,0,1
"1976 Summer","Japan",25,6,10
"1976 Summer","Jamaica",1,1,0
"1976 Summer","Italy",2,25,4
"1976 Summer","Iran",0,1,1
"1976 Summer","Hungary",14,6,35
"1976 Summer","Germany",123,76,74
"1976 Summer","France",5,7,8
"1976 Summer","Finland",4,2,0
"1976 Summer","Denmark",3,0,5
"1976 Summer","Czech Republic",2,4,9
"1976 Summer","Cuba",6,4,14
"1976 Summer","Canada",0,9,14
"1976 Summer","Bulgaria",8,13,18
"1976 Summer","Brazil",0,0,3
"1976 Summer","Bermuda",0,0,1
"1976 Summer","Belgium",0,3,6
"1976 Summer","Austria",0,0,1
"1976 Summer","Australia",0,15,8
"1976 Winter","USA",3,3,5
"1976 Winter","UK",1,0,0
"1976 Winter","Switzerland",1,6,2
"1976 Winter","Sweden",0,0,2
"1976 Winter","Russia",38,7,11
"1976 Winter","Norway",3,6,1
"1976 Winter","Netherlands",1,2,3
"1976 Winter","Liechtenstein",0,0,2
"1976 Winter","Italy",1,2,1
"1976 Winter","Germany",14,13,37
"1976 Winter","France",0,0,1
"1976 Winter","Finland",5,10,1
"1976 Winter","Czech Republic",0,19,0
"1976 Winter","Canada",1,1,1
"1976 Winter","Austria",2,2,3
"1980 Summer","Zimbabwe",15,0,0
"1980 Summer","Venezuela",0,1,0
"1980 Summer","Uganda",0,1,0
"1980 Summer","UK",5,18,24
"1980 Summer","Tanzania",0,2,0
"1980 Summer","Switzerland",2,0,0
"1980 Summer","Sweden",3,8,9
"1980 Summer","Spain",2,19,3
"1980 Summer","Serbia",13,27,17
"1980 Summer","Russia",187,129,126
"1980 Summer","Romania",7,15,46
"1980 Summer","Poland",3,25,22
"1980 Summer","North Korea",0,3,2
"1980 Summer","Netherlands",0,1,5
"1980 Summer","Mongolia",0,2,2
"1980 Summer","Mexico",0,1,9
"1980 Summer","Lebanon",0,0,1
"1980 Summer","Jamaica",0,0,3
"1980 Summer","Italy",8,21,8
"1980 Summer","Ireland",0,2,1
"1980 Summer","India",16,0,0
"1980 Summer","Hungary",8,13,40
"1980 Summer","Guyana",0,0,1
"1980 Summer","Greece",1,0,4
"1980 Summer","Germany",115,88,61
"1980 Summer","France",18,5,6
"1980 Summer","Finland",3,1,5
"1980 Summer","Ethiopia",2,0,2
"1980 Summer","Denmark",4,2,2
"1980 Summer","Czech Republic",17,18,16
"1980 Summer","Cuba",8,7,5
"1980 Summer","Bulgaria",8,44,38
"1980 Summer","Brazil",4,0,5
"1980 Summer","Belgium",1,0,0
"1980 Summer","Austria",1,3,1
"1980 Summer","Australia",6,2,5
"1980 Winter","USA",24,4,2
"1980 Winter","UK",1,0,0
"1980 Winter","Switzerland",2,4,3
"1980 Winter","Sweden",3,0,20
"1980 Winter","Russia",18,29,7
"1980 Winter","Norway",1,5,9
"1980 Winter","Netherlands",1,2,1
"1980 Winter","Liechtenstein",2,2,0
"1980 Winter","Japan",0,1,0
"1980 Winter","Italy",0,3,0
"1980 Winter","Hungary",0,2,0
"1980 Winter","Germany",16,13,18
"1980 Winter","France",0,0,1
"1980 Winter","Finland",1,5,6
"1980 Winter","Czech Republic",0,0,1
"1980 Winter","Canada",0,1,1
"1980 Winter","Bulgaria",0,0,1
"1980 Winter","Austria",3,2,3
"1984 Summer","Zambia",0,0,1
"1984 Summer","Venezuela",0,0,3
"1984 Summer","USA",186,116,50
"1984 Summer","UK",9,20,42
"1984 Summer","Turkey",0,0,3
"1984 Summer","Thailand",0,1,0
"1984 Summer","Taiwan",0,0,1
"1984 Summer","Syria",0,1,0
"1984 Summer","Switzerland",0,9,4
"1984 Summer","Sweden",3,18,13
"1984 Summer","Spain",2,14,3
"1984 Summer","South Korea",6,28,7
"1984 Summer","Serbia",47,5,35
"1984 Summer","Romania",40,31,35
"1984 Summer","Puerto Rico",0,1,1
"1984 Summer","Portugal",1,0,2
"1984 Summer","Peru",0,1,0
"1984 Summer","Pakistan",16,0,0
"1984 Summer","Norway",0,1,3
"1984 Summer","Nigeria",0,1,4
"1984 Summer","New Zealand",16,1,6
"1984 Summer","Netherlands",20,7,14
"1984 Summer","Morocco",2,0,0
"1984 Summer","Mexico",2,3,1
"1984 Summer","Kenya",1,0,2
"1984 Summer","Japan",10,8,31
"1984 Summer","Jamaica",0,5,2
"1984 Summer","Ivory Coast",0,1,0
"1984 Summer","Italy",29,6,28
"1984 Summer","Ireland",0,1,0
"1984 Summer","Iceland",0,0,1
"1984 Summer","Greece",0,1,1
"1984 Summer","Germany",30,75,53
"1984 Summer","France",20,16,31
"1984 Summer","Finland",4,2,6
"1984 Summer","Egypt",0,1,0
"1984 Summer","Dominican Republic",0,0,1
"1984 Summer","Denmark",0,3,10
"1984 Summer","Colombia",0,1,0
"1984 Summer","China",24,13,37
"1984 Summer","Canada",19,36,32
"1984 Summer","Cameroon",0,0,1
"1984 Summer","Brazil",1,33,2
"1984 Summer","Belgium",1,2,2
"1984 Summer","Austria",1,1,1
"1984 Summer","Australia",7,14,31
"1984 Summer","Algeria",0,0,2
"1984 Winter","USA",4,5,0
"1984 Winter","UK",2,0,0
"1984 Winter","Switzerland",2,2,4
"1984 Winter","Sweden",7,2,21
"1984 Winter","Serbia",0,1,0
"1984 Winter","Russia",29,15,12
"1984 Winter","Norway",6,5,4
"1984 Winter","Liechtenstein",0,0,2
"1984 Winter","Japan",0,1,0
"1984 Winter","Italy",2,0,0
"1984 Winter","Germany",16,14,11
"1984 Winter","France",0,1,2
"1984 Winter","Finland",4,3,12
"1984 Winter","Czech Republic",0,24,4
"1984 Winter","Canada",2,1,1
"1984 Winter","Austria",0,0,1
"1988 Summer","Virgin Islands, US",0,1,0
"1988 Summer","USA",87,66,54
"1988 Summer","UK",22,17,15
"1988 Summer","Turkey",1,1,0
"1988 Summer","Thailand",0,0,1
"1988 Summer","Switzerland",0,6,2
"1988 Summer","Sweden",0,5,11
"1988 Summer","Suriname",1,0,0
"1988 Summer","Spain",1,2,2
"1988 Summer","South Korea",28,37,12
"1988 Summer","Serbia",15,27,21
"1988 Summer","Senegal",0,1,0
"1988 Summer","Russia",134,67,99
"1988 Summer","Romania",8,34,16
"1988 Summer","Portugal",1,0,0
"1988 Summer","Poland",2,9,10
"1988 Summer","Philippines",0,0,1
"1988 Summer","Peru",0,12,0
"1988 Summer","Pakistan",0,0,1
"1988 Summer","Norway",2,20,0
"1988 Summer","New Zealand",4,4,16
"1988 Summer","Netherlands",3,6,36
"1988 Summer","Morocco",1,0,2
"1988 Summer","Mongolia",0,0,1
"1988 Summer","Mexico",0,0,2
"1988 Summer","Kenya",5,2,2
"1988 Summer","Japan",4,3,13
"1988 Summer","Jamaica",0,7,0
"1988 Summer","Italy",11,10,8
"1988 Summer","Iran",0,1,0
"1988 Summer","Indonesia",0,3,0
"1988 Summer","Hungary",20,9,15
"1988 Summer","Greece",0,0,1
"1988 Summer","Germany",111,91,94
"1988 Summer","France",12,4,13
"1988 Summer","Finland",1,1,2
"1988 Summer","Djibouti",0,0,1
"1988 Summer","Denmark",3,1,3
"1988 Summer","Czech Republic",3,4,3
"1988 Summer","Curacao",0,1,0
"1988 Summer","Costa Rica",0,1,0
"1988 Summer","Colombia",0,0,1
"1988 Summer","China",6,16,30
"1988 Summer","Chile",0,1,0
"1988 Summer","Canada",4,5,14
"1988 Summer","Bulgaria",10,14,17
"1988 Summer","Brazil",1,17,5
"1988 Summer","Belgium",0,0,2
"1988 Summer","Austria",1,0,0
"1988 Summer","Australia",18,6,11
"1988 Summer","Argentina",0,1,12
"1988 Winter","USA",2,1,4
"1988 Winter","Switzerland",8,7,5
"1988 Winter","Sweden",7,0,23
"1988 Winter","Serbia",0,5,1
"1988 Winter","Russia",40,14,12
"1988 Winter","Norway",0,6,5
"1988 Winter","Netherlands",3,2,2
"1988 Winter","Liechtenstein",0,0,1
"1988 Winter","Japan",0,0,1
"1988 Winter","Italy",2,1,5
"1988 Winter","Germany",14,22,10
"1988 Winter","France",1,0,1
"1988 Winter","Finland",7,22,5
"1988 Winter","Czech Republic",0,1,5
"1988 Winter","Canada",0,2,4
"1988 Winter","Austria",3,5,4
"1992 Summer","USA",89,50,85
"1992 Summer","UK",8,3,39
"1992 Summer","Turkey",2,2,2
"1992 Summer","Thailand",0,0,1
"1992 Summer","Taiwan",0,20,0
"1992 Summer","Switzerland",1,0,0
"1992 Summer","Sweden",1,27,7
"1992 Summer","Suriname",0,0,1
"1992 Summer","Spain",48,19,2
"1992 Summer","South Korea",28,5,16
"1992 Summer","South Africa",0,3,0
"1992 Summer","Slovenia",0,0,6
"1992 Summer","Russia",92,61,67
"1992 Summer","Romania",8,31,14
"1992 Summer","Qatar",0,0,1
"1992 Summer","Puerto Rico",0,0,1
"1992 Summer","Poland",5,22,19
"1992 Summer","Philippines",0,0,1
"1992 Summer","Peru",0,1,0
"1992 Summer","Pakistan",0,0,16
"1992 Summer","Norway",2,20,1
"1992 Summer","North Korea",4,0,6
"1992 Summer","Nigeria",0,7,4
"1992 Summer","New Zealand",1,9,5
"1992 Summer","Netherlands",5,20,8
"1992 Summer","Namibia",0,2,0
"1992 Summer","Morocco",1,1,1
"1992 Summer","Mongolia",0,0,2
"1992 Summer","Mexico",0,1,0
"1992 Summer","Malaysia",0,0,2
"1992 Summer","Lithuania",1,0,12
"1992 Summer","Latvia",0,2,1
"1992 Summer","Kenya",2,4,2
"1992 Summer","Japan",3,8,36
"1992 Summer","Jamaica",0,3,1
"1992 Summer","Italy",21,10,14
"1992 Summer","Israel",0,1,1
"1992 Summer","Ireland",1,1,0
"1992 Summer","Iran",0,1,2
"1992 Summer","Indonesia",2,3,1
"1992 Summer","Individual Olympic Athletes",0,1,2
"1992 Summer","Hungary",14,23,8
"1992 Summer","Greece",2,0,0
"1992 Summer","Ghana",0,0,20
"1992 Summer","Germany",81,57,60
"1992 Summer","France",9,5,43
"1992 Summer","Finland",1,4,2
"1992 Summer","Ethiopia",1,0,2
"1992 Summer","Estonia",1,0,2
"1992 Summer","Denmark",3,2,9
"1992 Summer","Czech Republic",4,3,1
"1992 Summer","Cuba",42,13,14
"1992 Summer","Croatia",0,12,3
"1992 Summer","Colombia",0,0,1
"1992 Summer","China",18,45,19
"1992 Summer","Canada",27,5,12
"1992 Summer","Bulgaria",3,7,7
"1992 Summer","Brazil",13,1,0
"1992 Summer","Belgium",0,1,2
"1992 Summer","Bahamas",0,0,1
"1992 Summer","Austria",0,6,0
"1992 Summer","Australia",14,27,16
"1992 Summer","Argentina",0,0,2
"1992 Summer","Algeria",1,0,1
"1992 Winter","USA",5,7,2
"1992 Winter","Switzerland",2,0,5
"1992 Winter","Sweden",1,0,6
"1992 Winter","Spain",0,0,1
"1992 Winter","South Korea",5,1,1
"1992 Winter","Russia",35,10,14
"1992 Winter","Norway",9,10,5
"1992 Winter","North Korea",0,0,1
"1992 Winter","New Zealand",0,1,0
"1992 Winter","Netherlands",1,1,2
"1992 Winter","Luxembourg",0,2,0
"1992 Winter","Japan",3,2,7
"1992 Winter","Italy",4,9,8
"1992 Winter","Germany",14,17,7
"1992 Winter","France",5,6,1
"1992 Winter","Finland",6,1,6
"1992 Winter","Czech Republic",0,0,27
"1992 Winter","China",0,3,0
"1992 Winter","Canada",5,28,3
"1992 Winter","Austria",9,10,10
"1994 Winter","Uzbekistan",1,0,0
"1994 Winter","Ukraine",1,0,1
"1994 Winter","USA",6,8,5
"1994 Winter","UK",0,0,3
"1994 Winter","Switzerland",4,8,4
"1994 Winter","Sweden",23,1,0
"1994 Winter","South Korea",7,1,1
"1994 Winter","Slovenia",0,0,3
"1994 Winter","Russia",19,13,4
"1994 Winter","Norway",8,17,5
"1994 Winter","Netherlands",0,1,3
"1994 Winter","Kazakhstan",1,2,0
"1994 Winter","Japan",3,5,2
"1994 Winter","Italy",14,6,12
"1994 Winter","Germany",18,10,12
"1994 Winter","France",0,1,10
"1994 Winter","Finland",0,1,29
"1994 Winter","China",0,1,2
"1994 Winter","Canada",3,29,5
"1994 Winter","Belarus",0,2,0
"1994 Winter","Austria",2,3,7
"1994 Winter","Australia",0,0,4
"1996 Summer","Zambia",0,1,0
"1996 Summer","Uzbekistan",0,1,1
"1996 Summer","Ukraine",10,5,19
"1996 Summer","Uganda",0,0,1
"1996 Summer","USA",159,48,52
"1996 Summer","UK",2,15,9
"1996 Summer","Turkey",4,1,1
"1996 Summer","Tunisia",0,0,1
"1996 Summer","Trinidad",0,0,2
"1996 Summer","Tonga",0,1,0
"1996 Summer","Thailand",1,0,1
"1996 Summer","Taiwan",0,1,0
"1996 Summer","Syria",1,0,0
"1996 Summer","Switzerland",5,6,0
"1996 Summer","Sweden",3,23,5
"1996 Summer","Spain",23,21,22
"1996 Summer","South Korea",10,49,7
"1996 Summer","South Africa",3,1,1
"1996 Summer","Slovenia",0,2,0
"1996 Summer","Slovakia",1,1,1
"1996 Summer","Serbia",1,12,13
"1996 Summer","Russia",36,45,34
"1996 Summer","Romania",13,10,15
"1996 Summer","Puerto Rico",0,0,1
"1996 Summer","Portugal",1,0,2
"1996 Summer","Poland",7,8,7
"1996 Summer","Philippines",0,1,0
"1996 Summer","Norway",2,3,18
"1996 Summer","North Korea",2,1,2
"1996 Summer","Nigeria",17,4,3
"1996 Summer","New Zealand",3,2,4
"1996 Summer","Netherlands",38,9,26
"1996 Summer","Namibia",0,2,0
"1996 Summer","Mozambique",0,0,1
"1996 Summer","Morocco",0,0,2
"1996 Summer","Mongolia",0,0,1
"1996 Summer","Moldova",0,2,1
"1996 Summer","Mexico",0,0,1
"1996 Summer","Malaysia",0,2,1
"1996 Summer","Lithuania",0,0,11
"1996 Summer","Latvia",0,1,0
"1996 Summer","Kenya",1,4,3
"1996 Summer","Kazakhstan",3,4,4
"1996 Summer","Japan",3,26,13
"1996 Summer","Jamaica",1,3,12
"1996 Summer","Italy",19,24,28
"1996 Summer","Israel",0,0,1
"1996 Summer","Ireland",3,0,1
"1996 Summer","Iran",1,1,1
"1996 Summer","Indonesia",2,1,3
"1996 Summer","India",0,0,1
"1996 Summer","Hungary",8,9,26
"1996 Summer","Greece",4,4,0
"1996 Summer","Germany",42,35,47
"1996 Summer","Georgia",0,0,2
"1996 Summer","France",21,10,20
"1996 Summer","Finland",1,2,1
"1996 Summer","Ethiopia",2,0,1
"1996 Summer","Ecuador",1,0,0
"1996 Summer","Denmark",21,1,1
"1996 Summer","Czech Republic",4,5,4
"1996 Summer","Cuba",37,8,10
"1996 Summer","Croatia",16,12,0
"1996 Summer","Costa Rica",1,0,0
"1996 Summer","China",20,70,17
"1996 Summer","Canada",8,30,12
"1996 Summer","Burundi",1,0,0
"1996 Summer","Bulgaria",3,12,6
"1996 Summer","Brazil",5,15,43
"1996 Summer","Belgium",2,2,2
"1996 Summer","Belarus",1,6,16
"1996 Summer","Bahamas",0,5,0
"1996 Summer","Azerbaijan",0,1,0
"1996 Summer","Austria",0,1,2
"1996 Summer","Australia",32,16,84
"1996 Summer","Armenia",1,1,0
"1996 Summer","Argentina",0,19,1
"1996 Summer","Algeria",2,0,1
"1998 Winter","Ukraine",0,1,0
"1998 Winter","USA",25,4,5
"1998 Winter","UK",0,0,4
"1998 Winter","Switzerland",6,5,3
"1998 Winter","Sweden",0,2,5
"1998 Winter","South Korea",6,4,2
"1998 Winter","Russia",14,32,6
"1998 Winter","Norway",13,15,12
"1998 Winter","Netherlands",5,4,2
"1998 Winter","Kazakhstan",0,0,2
"1998 Winter","Japan",8,1,4
"1998 Winter","Italy",3,9,5
"1998 Winter","Germany",22,12,10
"1998 Winter","France",2,1,12
"1998 Winter","Finland",2,7,49
"1998 Winter","Denmark",0,5,0
"1998 Winter","Czech Republic",21,1,1
"1998 Winter","China",0,9,5
"1998 Winter","Canada",14,28,7
"1998 Winter","Bulgaria",1,0,0
"1998 Winter","Belgium",0,0,1
"1998 Winter","Belarus",0,0,2
"1998 Winter","Austria",3,5,12
"1998 Winter","Australia",0,0,1
"2000 Summer","Vietnam",0,1,0
"2000 Summer","Uzbekistan",1,1,2
"2000 Summer","Uruguay",0,1,0
"2000 Summer","Ukraine",3,20,12
"2000 Summer","USA",130,61,51
"2000 Summer","UK",22,20,12
"2000 Summer","Turkey",3,0,2
"2000 Summer","Trinidad",0,1,1
"2000 Summer","Thailand",1,0,2
"2000 Summer","Taiwan",0,1,4
"2000 Summer","Switzerland",1,11,2
"2000 Summer","Sweden",4,20,8
"2000 Summer","Sri Lanka",0,1,0
"2000 Summer","Spain",3,19,20
"2000 Summer","South Korea",12,26,35
"2000 Summer","South Africa",0,2,3
"2000 Summer","Slovenia",3,0,0
"2000 Summer","Slovakia",2,3,1
"2000 Summer","Serbia",11,1,13
"2000 Summer","Saudi Arabia",0,1,1
"2000 Summer","Russia",66,67,54
"2000 Summer","Romania",27,6,13
"2000 Summer","Qatar",0,0,1
"2000 Summer","Portugal",0,0,2
"2000 Summer","Poland",7,10,7
"2000 Summer","Norway",20,4,19
"2000 Summer","North Korea",0,1,3
"2000 Summer","Nigeria",6,2,0
"2000 Summer","New Zealand",1,0,3
"2000 Summer","Netherlands",27,29,23
"2000 Summer","Mozambique",1,0,0
"2000 Summer","Morocco",0,1,4
"2000 Summer","Moldova",0,1,1
"2000 Summer","Mexico",1,2,3
"2000 Summer","Macedonia",0,0,1
"2000 Summer","Lithuania",2,0,15
"2000 Summer","Latvia",1,1,1
"2000 Summer","Kyrgyzstan",0,0,1
"2000 Summer","Kuwait",0,0,1
"2000 Summer","Kenya",2,3,2
"2000 Summer","Kazakhstan",3,4,0
"2000 Summer","Japan",5,31,8
"2000 Summer","Jamaica",0,20,3
"2000 Summer","Italy",22,14,29
"2000 Summer","Israel",0,0,1
"2000 Summer","Ireland",0,1,0
"2000 Summer","Iran",3,0,1
"2000 Summer","Indonesia",2,4,2
"2000 Summer","India",0,0,1
"2000 Summer","Iceland",0,0,1
"2000 Summer","Hungary",25,24,4
"2000 Summer","Greece",4,6,8
"2000 Summer","Germany",31,23,64
"2000 Summer","Georgia",0,0,6
"2000 Summer","France",22,30,14
"2000 Summer","Finland",3,1,1
"2000 Summer","Ethiopia",4,1,3
"2000 Summer","Estonia",1,0,2
"2000 Summer","Denmark",18,3,4
"2000 Summer","Czech Republic",2,3,4
"2000 Summer","Cuba",18,35,12
"2000 Summer","Croatia",1,0,9
"2000 Summer","Costa Rica",0,0,2
"2000 Summer","Colombia",1,0,0
"2000 Summer","China",39,23,17
"2000 Summer","Chile",0,0,17
"2000 Summer","Canada",4,4,23
"2000 Summer","Cameroon",18,0,0
"2000 Summer","Bulgaria",5,6,2
"2000 Summer","Brazil",0,12,36
"2000 Summer","Belgium",0,3,4
"2000 Summer","Belarus",3,8,11
"2000 Summer","Barbados",0,0,1
"2000 Summer","Bahamas",6,0,5
"2000 Summer","Azerbaijan",2,0,1
"2000 Summer","Austria",3,1,0
"2000 Summer","Australia",60,69,54
"2000 Summer","Armenia",0,0,1
"2000 Summer","Argentina",0,17,3
"2000 Summer","Algeria",1,1,3
"2002 Winter","USA",11,58,15
"2002 Winter","UK",5,0,1
"2002 Winter","Switzerland",3,7,14
"2002 Winter","Sweden",0,2,24
"2002 Winter","South Korea",5,2,0
"2002 Winter","Slovenia",0,0,4
"2002 Winter","Russia",6,5,27
"2002 Winter","Poland",0,1,1
"2002 Winter","Norway",23,11,7
"2002 Winter","Netherlands",3,5,0
"2002 Winter","Japan",0,1,1
"2002 Winter","Italy",4,11,6
"2002 Winter","Germany",26,23,12
"2002 Winter","France",5,5,5
"2002 Winter","Finland",7,5,1
"2002 Winter","Estonia",1,1,1
"2002 Winter","Czech Republic",1,2,0
"2002 Winter","Croatia",3,1,0
"2002 Winter","China",2,5,9
"2002 Winter","Canada",52,7,15
"2002 Winter","Bulgaria",0,1,2
"2002 Winter","Belarus",0,0,1
"2002 Winter","Austria",3,4,13
"2002 Winter","Australia",2,0,0
"2004 Summer","Zimbabwe",1,1,1
"2004 Summer","Venezuela",0,0,2
"2004 Summer","Uzbekistan",2,1,2
"2004 Summer","United Arab Emirates",1,0,0
"2004 Summer","Ukraine",8,8,31
"2004 Summer","USA",117,75,71
"2004 Summer","UK",17,25,15
"2004 Summer","Turkey",3,3,5
"2004 Summer","Trinidad",0,0,1
"2004 Summer","Thailand",3,1,4
"2004 Summer","Taiwan",2,4,3
"2004 Summer","Syria",0,0,1
"2004 Summer","Switzerland",1,2,4
"2004 Summer","Sweden",5,5,2
"2004 Summer","Spain",4,17,9
"2004 Summer","South Korea",14,28,10
"2004 Summer","South Africa",4,3,3
"2004 Summer","Slovenia",0,2,3
"2004 Summer","Slovakia",3,2,5
"2004 Summer","Serbia",0,13,0
"2004 Summer","Russia",48,46,95
"2004 Summer","Romania",23,5,11
"2004 Summer","Portugal",0,2,1
"2004 Summer","Poland",4,2,6
"2004 Summer","Paraguay",0,17,0
"2004 Summer","Norway",5,0,2
"2004 Summer","North Korea",0,4,1
"2004 Summer","Nigeria",0,0,8
"2004 Summer","New Zealand",4,2,0
"2004 Summer","Netherlands",4,51,22
"2004 Summer","Morocco",2,1,0
"2004 Summer","Mongolia",0,0,1
"2004 Summer","Mexico",0,3,1
"2004 Summer","Lithuania",1,2,0
"2004 Summer","Latvia",0,4,0
"2004 Summer","Kenya",1,4,2
"2004 Summer","Kazakhstan",1,4,3
"2004 Summer","Japan",21,20,52
"2004 Summer","Jamaica",6,1,6
"2004 Summer","Italy",24,41,39
"2004 Summer","Israel",1,0,1
"2004 Summer","Iran",2,2,2
"2004 Summer","Indonesia",1,1,3
"2004 Summer","India",0,1,0
"2004 Summer","Hungary",24,12,4
"2004 Summer","Greece",8,18,5
"2004 Summer","Germany",41,45,63
"2004 Summer","Georgia",2,2,0
"2004 Summer","France",21,10,22
"2004 Summer","Finland",0,2,0
"2004 Summer","Ethiopia",2,3,2
"2004 Summer","Estonia",0,1,2
"2004 Summer","Eritrea",0,0,1
"2004 Summer","Egypt",1,1,3
"2004 Summer","Dominican Republic",1,0,0
"2004 Summer","Denmark",19,1,9
"2004 Summer","Czech Republic",1,6,6
"2004 Summer","Cuba",32,8,22
"2004 Summer","Croatia",15,3,3
"2004 Summer","Colombia",0,0,2
"2004 Summer","China",52,29,15
"2004 Summer","Chile",3,0,1
"2004 Summer","Canada",3,10,4
"2004 Summer","Cameroon",1,0,0
"2004 Summer","Bulgaria",2,1,14
"2004 Summer","Brazil",18,19,3
"2004 Summer","Belgium",1,0,2
"2004 Summer","Belarus",2,5,8
"2004 Summer","Bahamas",1,0,1
"2004 Summer","Azerbaijan",1,0,4
"2004 Summer","Austria",3,4,1
"2004 Summer","Australia",49,77,31
"2004 Summer","Argentina",28,0,21
"2006 Winter","Ukraine",0,0,3
"2006 Winter","USA",9,11,32
"2006 Winter","UK",0,1,0
"2006 Winter","Switzerland",5,7,9
"2006 Winter","Sweden",35,21,8
"2006 Winter","South Korea",14,3,2
"2006 Winter","Slovakia",0,1,0
"2006 Winter","Russia",16,12,13
"2006 Winter","Poland",0,1,1
"2006 Winter","Norway",2,9,12
"2006 Winter","Netherlands",3,2,8
"2006 Winter","Latvia",0,0,1
"2006 Winter","Japan",1,0,0
"2006 Winter","Italy",11,0,14
"2006 Winter","Germany",23,25,6
"2006 Winter","France",3,2,10
"2006 Winter","Finland",0,34,7
"2006 Winter","Estonia",3,0,0
"2006 Winter","Czech Republic",1,2,24
"2006 Winter","Croatia",1,2,0
"2006 Winter","China",2,5,6
"2006 Winter","Canada",30,28,11
"2006 Winter","Bulgaria",0,1,0
"2006 Winter","Belarus",0,1,0
"2006 Winter","Austria",16,7,7
"2006 Winter","Australia",1,0,1
"2008 Summer","Zimbabwe",1,3,0
"2008 Summer","Vietnam",0,1,0
"2008 Summer","Venezuela",0,0,1
"2008 Summer","Uzbekistan",1,2,3
"2008 Summer","Ukraine",10,5,16
"2008 Summer","USA",127,110,80
"2008 Summer","UK",31,25,25
"2008 Summer","Turkey",1,3,3
"2008 Summer","Tunisia",1,0,0
"2008 Summer","Trinidad",5,1,0
"2008 Summer","Togo",0,0,1
"2008 Summer","Thailand",2,2,0
"2008 Summer","Tajikistan",0,1,1
"2008 Summer","Taiwan",0,0,4
"2008 Summer","Switzerland",3,1,7
"2008 Summer","Sweden",0,5,2
"2008 Summer","Sudan",0,1,0
"2008 Summer","Spain",7,47,16
"2008 Summer","South Korea",41,11,26
"2008 Summer","South Africa",0,1,0
"2008 Summer","Slovenia",1,2,2
"2008 Summer","Slovakia",4,5,1
"2008 Summer","Serbia",0,1,14
"2008 Summer","Russia",43,46,53
"2008 Summer","Romania",5,1,16
"2008 Summer","Portugal",1,1,0
"2008 Summer","Poland",6,13,1
"2008 Summer","Panama",1,0,0
"2008 Summer","Norway",16,5,1
"2008 Summer","North Korea",2,1,3
"2008 Summer","Nigeria",0,16,7
"2008 Summer","New Zealand",4,2,9
"2008 Summer","Netherlands",39,18,4
"2008 Summer","Morocco",0,1,1
"2008 Summer","Mongolia",2,2,0
"2008 Summer","Moldova",0,0,1
"2008 Summer","Mexico",2,0,2
"2008 Summer","Mauritius",0,0,1
"2008 Summer","Malaysia",0,1,0
"2008 Summer","Lithuania",0,2,3
"2008 Summer","Latvia",1,1,1
"2008 Summer","Kyrgyzstan",0,1,1
"2008 Summer","Kenya",6,4,5
"2008 Summer","Kazakhstan",2,4,7
"2008 Summer","Japan",23,15,13
"2008 Summer","Jamaica",5,3,6
"2008 Summer","Italy",8,14,20
"2008 Summer","Israel",0,0,1
"2008 Summer","Ireland",0,1,2
"2008 Summer","Iran",1,0,1
"2008 Summer","Indonesia",2,2,3
"2008 Summer","India",1,0,2
"2008 Summer","Iceland",0,14,0
"2008 Summer","Hungary",16,8,3
"2008 Summer","Greece",0,3,4
"2008 Summer","Germany",42,16,41
"2008 Summer","Georgia",3,0,3
"2008 Summer","France",25,24,28
"2008 Summer","Finland",1,2,2
"2008 Summer","Ethiopia",4,1,2
"2008 Summer","Estonia",1,2,0
"2008 Summer","Egypt",0,0,1
"2008 Summer","Ecuador",0,1,0
"2008 Summer","Dominican Republic",1,1,0
"2008 Summer","Denmark",6,7,6
"2008 Summer","Czech Republic",3,4,0
"2008 Summer","Cuba",2,34,11
"2008 Summer","Croatia",0,2,3
"2008 Summer","Colombia",0,1,1
"2008 Summer","China",74,53,57
"2008 Summer","Chile",0,1,0
"2008 Summer","Canada",11,13,11
"2008 Summer","Cameroon",1,0,0
"2008 Summer","Bulgaria",1,1,3
"2008 Summer","Brazil",14,34,30
"2008 Summer","Belgium",1,4,0
"2008 Summer","Belarus",8,5,16
"2008 Summer","Bahamas",0,6,1
"2008 Summer","Azerbaijan",1,2,4
"2008 Summer","Austria",0,1,2
"2008 Summer","Australia",31,42,76
"2008 Summer","Armenia",0,0,6
"2008 Summer","Argentina",20,0,31
"2008 Summer","Algeria",0,1,1
"2008 Summer","Afghanistan",0,0,1
"2010 Winter","USA",12,63,22
"2010 Winter","UK",1,0,0
"2010 Winter","Switzerland",6,0,6
"2010 Winter","Sweden",11,3,4
"2010 Winter","South Korea",6,10,2
"2010 Winter","Slovenia",0,2,1
"2010 Winter","Slovakia",1,1,1
"2010 Winter","Russia",6,5,14
"2010 Winter","Poland",1,3,4
"2010 Winter","Norway",16,14,9
"2010 Winter","Netherlands",4,1,6
"2010 Winter","Latvia",0,3,0
"2010 Winter","Kazakhstan",0,1,0
"2010 Winter","Japan",0,5,2
"2010 Winter","Italy",1,1,3
"2010 Winter","Germany",15,24,15
"2010 Winter","France",2,6,6
"2010 Winter","Finland",0,1,46
"2010 Winter","Estonia",0,1,0
"2010 Winter","Czech Republic",2,0,7
"2010 Winter","Croatia",0,2,1
"2010 Winter","China",9,3,7
"2010 Winter","Canada",67,15,8
"2010 Winter","Belarus",1,1,1
"2010 Winter","Austria",11,9,6
"2010 Winter","Australia",2,1,0
"2012 Summer","Venezuela",1,0,0
"2012 Summer","Uzbekistan",1,0,2
"2012 Summer","Ukraine",9,5,12
"2012 Summer","Uganda",1,0,0
"2012 Summer","USA",145,57,46
"2012 Summer","UK",48,30,48
"2012 Summer","Turkey",2,2,1
"2012 Summer","Tunisia",1,1,1
"2012 Summer","Trinidad",1,4,5
"2012 Summer","Thailand",0,2,1
"2012 Summer","Tajikistan",0,0,1
"2012 Summer","Taiwan",0,1,1
"2012 Summer","Switzerland",2,2,0
"2012 Summer","Sweden",2,17,3
"2012 Summer","Spain",5,33,25
"2012 Summer","South Korea",18,13,30
"2012 Summer","South Africa",6,2,1
"2012 Summer","Slovenia",1,1,3
"2012 Summer","Slovakia",0,1,4
"2012 Summer","Serbia",1,1,14
"2012 Summer","Saudi Arabia",0,0,4
"2012 Summer","Russia",50,39,51
"2012 Summer","Romania",2,8,6
"2012 Summer","Qatar",0,0,2
"2012 Summer","Puerto Rico",0,1,1
"2012 Summer","Portugal",0,2,0
"2012 Summer","Poland",2,2,8
"2012 Summer","Norway",15,1,1
"2012 Summer","North Korea",4,0,2
"2012 Summer","New Zealand",9,3,15
"2012 Summer","Netherlands",21,29,19
"2012 Summer","Morocco",0,0,1
"2012 Summer","Montenegro",0,14,0
"2012 Summer","Mongolia",0,2,3
"2012 Summer","Moldova",0,0,2
"2012 Summer","Mexico",16,5,3
"2012 Summer","Malaysia",0,1,1
"2012 Summer","Lithuania",2,1,2
"2012 Summer","Latvia",1,0,2
"2012 Summer","Kuwait",0,0,1
"2012 Summer","Kenya",2,4,5
"2012 Summer","Kazakhstan",7,1,5
"2012 Summer","Japan",7,44,33
"2012 Summer","Jamaica",8,9,8
"2012 Summer","Italy",16,22,30
"2012 Summer","Ireland",1,1,3
"2012 Summer","Iran",4,5,3
"2012 Summer","Indonesia",0,1,1
"2012 Summer","India",0,2,4
"2012 Summer","Hungary",12,8,6
"2012 Summer","Guatemala",0,1,0
"2012 Summer","Grenada",1,0,0
"2012 Summer","Greece",0,0,3
"2012 Summer","Germany",45,27,22
"2012 Summer","Georgia",1,3,3
"2012 Summer","Gabon",0,1,0
"2012 Summer","France",30,30,22
"2012 Summer","Finland",0,1,4
"2012 Summer","Ethiopia",3,1,3
"2012 Summer","Estonia",0,1,1
"2012 Summer","Egypt",0,2,0
"2012 Summer","Dominican Republic",1,1,0
"2012 Summer","Denmark",3,5,8
"2012 Summer","Czech Republic",4,4,6
"2012 Summer","Cyprus",0,1,0
"2012 Summer","Cuba",5,3,6
"2012 Summer","Croatia",15,4,16
"2012 Summer","Colombia",1,3,4
"2012 Summer","China",56,40,30
"2012 Summer","Canada",1,21,33
"2012 Summer","Bulgaria",0,1,1
"2012 Summer","Brazil",14,34,11
"2012 Summer","Botswana",0,1,0
"2012 Summer","Belgium",0,1,2
"2012 Summer","Belarus",3,12,8
"2012 Summer","Bahrain",0,0,1
"2012 Summer","Bahamas",4,0,0
"2012 Summer","Azerbaijan",2,2,6
"2012 Summer","Australia",18,37,59
"2012 Summer","Armenia",0,1,2
"2012 Summer","Argentina",1,15,3
"2012 Summer","Algeria",1,0,0
"2012 Summer","Afghanistan",0,0,1
"2014 Winter","Ukraine",4,0,1
"2014 Winter","USA",10,30,24
"2014 Winter","UK",1,4,5
"2014 Winter","Switzerland",6,4,20
"2014 Winter","Sweden",8,32,11
"2014 Winter","South Korea",7,5,2
"2014 Winter","Slovenia",2,2,4
"2014 Winter","Slovakia",1,0,0
"2014 Winter","Russia",33,22,13
"2014 Winter","Poland",4,4,3
"2014 Winter","Norway",18,5,13
"2014 Winter","Netherlands",13,7,9
"2014 Winter","Latvia",0,5,6
"2014 Winter","Kazakhstan",0,0,1
"2014 Winter","Japan",1,4,6
"2014 Winter","Italy",0,2,12
"2014 Winter","Germany",15,12,9
"2014 Winter","France",4,4,10
"2014 Winter","Finland",2,7,24
"2014 Winter","Czech Republic",2,7,2
"2014 Winter","Croatia",0,1,0
"2014 Winter","China",3,4,5
"2014 Winter","Canada",59,22,5
"2014 Winter","Belarus",5,0,1
"2014 Winter","Austria",4,12,11
"2014 Winter","Australia",0,2,1
"2016 Summer","Vietnam",1,1,0
"2016 Summer","Venezuela",0,1,2
"2016 Summer","Uzbekistan",4,2,7
"2016 Summer","United Arab Emirates",0,0,1
"2016 Summer","Ukraine",2,8,5
"2016 Summer","USA",139,54,71
"2016 Summer","UK",64,55,26
"2016 Summer","Turkey",1,3,4
"2016 Summer","Tunisia",0,0,3
"2016 Summer","Trinidad",0,0,1
"2016 Summer","Thailand",2,2,2
"2016 Summer","Tajikistan",1,0,0
"2016 Summer","Taiwan",1,0,4
"2016 Summer","Switzerland",6,3,2
"2016 Summer","Sweden",2,23,3
"2016 Summer","Spain",9,19,17
"2016 Summer","South Korea",13,3,10
"2016 Summer","South Africa",2,7,14
"2016 Summer","Slovenia",1,2,1
"2016 Summer","Slovakia",3,5,0
"2016 Summer","Serbia",14,27,13
"2016 Summer","Russia",52,28,35
"2016 Summer","Romania",4,2,10
"2016 Summer","Qatar",0,1,0
"2016 Summer","Puerto Rico",1,0,0
"2016 Summer","Portugal",0,0,1
"2016 Summer","Poland",3,3,10
"2016 Summer","Philippines",0,1,0
"2016 Summer","Norway",0,0,19
"2016 Summer","North Korea",2,3,2
"2016 Summer","Nigeria",0,0,18
"2016 Summer","Niger",0,1,0
"2016 Summer","New Zealand",6,25,5
"2016 Summer","Netherlands",9,25,13
"2016 Summer","Morocco",0,0,1
"2016 Summer","Mongolia",0,1,1
"2016 Summer","Mexico",0,3,2
"2016 Summer","Malaysia",0,7,1
"2016 Summer","Lithuania",0,2,5
"2016 Summer","Kosovo",1,0,0
"2016 Summer","Kenya",6,6,1
"2016 Summer","Kazakhstan",3,5,10
"2016 Summer","Jordan",1,0,0
"2016 Summer","Japan",17,13,34
"2016 Summer","Jamaica",11,17,2
"2016 Summer","Ivory Coast",1,0,1
"2016 Summer","Italy",8,40,24
"2016 Summer","Israel",0,0,2
"2016 Summer","Ireland",0,3,0
"2016 Summer","Iran",3,1,4
"2016 Summer","Indonesia",2,2,0
"2016 Summer","Individual Olympic Athletes",1,0,1
"2016 Summer","India",0,1,1
"2016 Summer","Hungary",12,3,7
"2016 Summer","Grenada",0,1,0
"2016 Summer","Greece",3,1,3
"2016 Summer","Germany",49,43,67
"2016 Summer","Georgia",2,1,4
"2016 Summer","France",20,55,21
"2016 Summer","Finland",0,0,1
"2016 Summer","Fiji",13,0,0
"2016 Summer","Ethiopia",1,2,5
"2016 Summer","Estonia",0,0,4
"2016 Summer","Egypt",0,0,3
"2016 Summer","Dominican Republic",0,0,1
"2016 Summer","Denmark",15,10,16
"2016 Summer","Czech Republic",1,2,12
"2016 Summer","Cuba",5,2,4
"2016 Summer","Croatia",7,15,2
"2016 Summer","Colombia",3,2,3
"2016 Summer","China",46,30,37
"2016 Summer","Canada",4,4,61
"2016 Summer","Burundi",0,1,0
"2016 Summer","Bulgaria",0,1,6
"2016 Summer","Brazil",36,8,6
"2016 Summer","Belgium",2,17,2
"2016 Summer","Belarus",1,4,7
"2016 Summer","Bahrain",1,1,0
"2016 Summer","Bahamas",1,0,5
"2016 Summer","Azerbaijan",1,7,10
"2016 Summer","Austria",0,0,2
"2016 Summer","Australia",23,34,25
"2016 Summer","Armenia",1,3,0
"2016 Summer","Argentina",21,1,0
"2016 Summer","Algeria",0,2,0
